user_id,username
1,Norma Fisher
2,Jorge Sullivan
3,Elizabeth Woods
4,Susan Wagner
5,Peter Montgomery
6,Theodore Mcgrath
7,Stephanie Collins
8,Stephanie Sutton
9,Brian Hamilton
10,Susan Levy
11,Sean Green
12,Kimberly Smith
13,Jennifer Summers
14,April Snyder
15,Dana Nguyen
16,Cheryl Bradley
17,Walter Pratt
18,Bobby Flores
19,Tasha Rodriguez
20,Michelle Kelley
21,Kimberly Maynard
22,Laurie Wallace
23,Janice Johnston
24,Collin Lopez
25,Mary Alvarez
26,Peter Mcdowell
27,Sarah Villanueva
28,Kimberly Myers
29,Desiree Cain
30,Stephanie Lawrence
31,Lauren Hayes
32,Whitney Stark
33,Angela Salazar
34,Mr. Ryan Sanchez
35,Autumn Robinson
36,Faith Cabrera
37,Charles Wolfe
38,Kenneth Kent
39,Melanie Johnson
40,Lisa Johnston
41,Jacob Hooper
42,Alex Woodward
43,Caleb Clark
44,Taylor Johnson
45,Brian Green
46,Matthew Bell
47,Jonathan Williams
48,William Gonzalez
49,Nicholas Massey
50,Caroline Chambers
51,Amy Lowe
52,Gloria King
53,Jessica Thompson
54,Jason Carroll
55,Emily Howard
56,Danielle Castro
57,Patrick Rogers
58,Douglas Allen
59,Heather Roberts
60,Travis Schultz
61,Michelle Hughes
62,Matthew Smith
63,George Allen
64,Jamie Hutchinson
65,Jennifer Morales
66,Jennifer Bates
67,Jeremy Green
68,Joseph Freeman
69,Nicole Henson
70,Eric Owens PhD
71,Robin Lopez
72,Miss Angela Swanson DVM
73,Michael Stewart
74,Mitchell Smith
75,Kelsey Davis
76,Matthew Russo
77,William Garcia
78,Jennifer Miller
79,Jesse Sparks
80,Brandi Meyer
81,Hannah Wiggins
82,Albert Williams
83,Kristin Potts
84,Susan Williams
85,Meredith Rios
86,Stephanie Bowman
87,Joshua Clark
88,Alexa Hernandez
89,Richard Higgins
90,Marc Williams
91,William Roberts
92,Joshua Carter
93,David Williams
94,Joseph Jones
95,Gary Perry
96,Terry Wells
97,Vanessa Cooper
98,Michael Simmons
99,Nicholas Kline
100,Lori Bennett
9999,test_user
